Company,Provider,Token/Slug,JobsCount,EndpointURL
Able,greenhouse,able,5,https://boards-api.greenhouse.io/v1/boards/able/jobs?content=true
Accuweather,greenhouse,accuweather,25,https://boards-api.greenhouse.io/v1/boards/accuweather/jobs?content=true
0x,ashby,0x,12,https://api.ashbyhq.com/posting-api/job-board/0x?includeCompensation=true
15Five,lever,15five,3,https://api.lever.co/v0/postings/15five?mode=json
Addepar,,,,
Affirm,greenhouse,affirm,165,https://boards-api.greenhouse.io/v1/boards/affirm/jobs?content=true
360Learning,lever,360learning,19,https://api.lever.co/v0/postings/360learning?mode=json
Afar,,,,
A-LIGN,greenhouse,align,10,https://boards-api.greenhouse.io/v1/boards/align/jobs?content=true
Algolia,greenhouse,algolia,29,https://boards-api.greenhouse.io/v1/boards/algolia/jobs?content=true
Airtable,greenhouse,airtable,40,https://boards-api.greenhouse.io/v1/boards/airtable/jobs?content=true
Alpaca,greenhouse,alpaca,26,https://boards-api.greenhouse.io/v1/boards/alpaca/jobs?content=true
Alma,greenhouse,alma,19,https://boards-api.greenhouse.io/v1/boards/alma/jobs?content=true
Airbase,,,,
AllTrails,lever,alltrails,1,https://api.lever.co/v0/postings/alltrails?mode=json
Altium,greenhouse,altium,54,https://boards-api.greenhouse.io/v1/boards/altium/jobs?content=true
ActiveCampaign,lever,activecampaign,28,https://api.lever.co/v0/postings/activecampaign?mode=json
Age of Learning,,,,
Anagram,ashby,anagram,10,https://api.ashbyhq.com/posting-api/job-board/anagram?includeCompensation=true
Ankr,,,,
Apollo,greenhouse,apollo,1,https://boards-api.greenhouse.io/v1/boards/apollo/jobs?content=true
Amino Health,,,,
Anchorage Digital,,,,
Anrok,ashby,anrok,22,https://api.ashbyhq.com/posting-api/job-board/anrok?includeCompensation=true
Angle Health,ashby,anglehealth,15,https://api.ashbyhq.com/posting-api/job-board/anglehealth?includeCompensation=true
Appcues,,,,
Apollo GraphQL,ashby,apollo-graphql,17,https://api.ashbyhq.com/posting-api/job-board/apollo-graphql?includeCompensation=true
Apartment List,,,,
AssemblyAI,greenhouse,assemblyai,2,https://boards-api.greenhouse.io/v1/boards/assemblyai/jobs?content=true
Aptible,ashby,aptible,1,https://api.ashbyhq.com/posting-api/job-board/aptible?includeCompensation=true
Archive,,,,
Arcadia,lever,arcadia,14,https://api.lever.co/v0/postings/arcadia?mode=json
App Academy,,,,
ATTN,greenhouse,attn,0,https://boards-api.greenhouse.io/v1/boards/attn/jobs?content=true
Axuall,greenhouse,axuall,2,https://boards-api.greenhouse.io/v1/boards/axuall/jobs?content=true
Athelas,,,,
Articulate,lever,articulate,8,https://api.lever.co/v0/postings/articulate?mode=json
Atomic,ashby,atomic,4,https://api.ashbyhq.com/posting-api/job-board/atomic?includeCompensation=true
Axios,greenhouse,axios,18,https://boards-api.greenhouse.io/v1/boards/axios/jobs?content=true
AtoB,ashby,atob,9,https://api.ashbyhq.com/posting-api/job-board/atob?includeCompensation=true
Bellroy,greenhouse,bellroy,17,https://boards-api.greenhouse.io/v1/boards/bellroy/jobs?content=true
B12,greenhouse,b12,5,https://boards-api.greenhouse.io/v1/boards/b12/jobs?content=true
Babylist,greenhouse,babylist,29,https://boards-api.greenhouse.io/v1/boards/babylist/jobs?content=true
BDG,,,,
BeatBox,,,,
Bestow,ashby,bestow,11,https://api.ashbyhq.com/posting-api/job-board/bestow?includeCompensation=true
Bigid,greenhouse,bigid,26,https://boards-api.greenhouse.io/v1/boards/bigid/jobs?content=true
Bitly,greenhouse,bitly,6,https://boards-api.greenhouse.io/v1/boards/bitly/jobs?content=true
Beyond Finance,greenhouse,beyondfinance,53,https://boards-api.greenhouse.io/v1/boards/beyondfinance/jobs?content=true
Blackthorn,greenhouse,blackthorn,4,https://boards-api.greenhouse.io/v1/boards/blackthorn/jobs?content=true
Blend,greenhouse,blend,21,https://boards-api.greenhouse.io/v1/boards/blend/jobs?content=true
Big Health,lever,bighealth,1,https://api.lever.co/v0/postings/bighealth?mode=json
Bixal,lever,bixal,0,https://api.lever.co/v0/postings/bixal?mode=json
Bloomerang,greenhouse,bloomerang,8,https://boards-api.greenhouse.io/v1/boards/bloomerang/jobs?content=true
Bobbie,greenhouse,bobbie,8,https://boards-api.greenhouse.io/v1/boards/bobbie/jobs?content=true
Bonusly,,,,
Blink UX,lever,blinkux,4,https://api.lever.co/v0/postings/blinkux?mode=json
Branch,greenhouse,branch,5,https://boards-api.greenhouse.io/v1/boards/branch/jobs?content=true
Brightflag,greenhouse,brightflag,4,https://boards-api.greenhouse.io/v1/boards/brightflag/jobs?content=true
BuildBook,greenhouse,buildbook,0,https://boards-api.greenhouse.io/v1/boards/buildbook/jobs?content=true
Bounteous,lever,bounteous,44,https://api.lever.co/v0/postings/bounteous?mode=json
Big Time Studios,,,,
Bravado,lever,bravado,1,https://api.lever.co/v0/postings/bravado?mode=json
Campminder,greenhouse,campminder,0,https://boards-api.greenhouse.io/v1/boards/campminder/jobs?content=true
Calm,greenhouse,calm,6,https://boards-api.greenhouse.io/v1/boards/calm/jobs?content=true
CareRev,greenhouse,carerev,1,https://boards-api.greenhouse.io/v1/boards/carerev/jobs?content=true
Cameo,greenhouse,cameo,3,https://boards-api.greenhouse.io/v1/boards/cameo/jobs?content=true
Canonical,greenhouse,canonical,271,https://boards-api.greenhouse.io/v1/boards/canonical/jobs?content=true
Carewell,greenhouse,carewell,0,https://boards-api.greenhouse.io/v1/boards/carewell/jobs?content=true
Caylent,greenhouse,caylent,44,https://boards-api.greenhouse.io/v1/boards/caylent/jobs?content=true
Blue Bottle Coffee,lever,bluebottlecoffee,56,https://api.lever.co/v0/postings/bluebottlecoffee?mode=json
Checkr,greenhouse,checkr,61,https://boards-api.greenhouse.io/v1/boards/checkr/jobs?content=true
Catalyst,,,,
Circle,,,,
Certik,lever,certik,21,https://api.lever.co/v0/postings/certik?mode=json
ChowNow,lever,chownow,6,https://api.lever.co/v0/postings/chownow?mode=json
Cast & Crew,,,,
Cleo,greenhouse,cleo,3,https://boards-api.greenhouse.io/v1/boards/cleo/jobs?content=true
Clerky,lever,clerky,0,https://api.lever.co/v0/postings/clerky?mode=json
ClickTime,lever,clicktime,0,https://api.lever.co/v0/postings/clicktime?mode=json
Close,ashby,close,8,https://api.ashbyhq.com/posting-api/job-board/close?includeCompensation=true
ClassDojo,ashby,classdojo,20,https://api.ashbyhq.com/posting-api/job-board/classdojo?includeCompensation=true
CodePath,greenhouse,codepath,10,https://boards-api.greenhouse.io/v1/boards/codepath/jobs?content=true
Chainlink Labs,,,,
CodeCombat,,,,
Circle Medical,lever,circlemedical,9,https://api.lever.co/v0/postings/circlemedical?mode=json
Coiled,lever,coiled,1,https://api.lever.co/v0/postings/coiled?mode=json
CodeSignal,,,,
Coursera,greenhouse,coursera,47,https://boards-api.greenhouse.io/v1/boards/coursera/jobs?content=true
Crowdbotics,greenhouse,crowdbotics,0,https://boards-api.greenhouse.io/v1/boards/crowdbotics/jobs?content=true
Coforma,lever,coforma,2,https://api.lever.co/v0/postings/coforma?mode=json
Cointracker,ashby,cointracker,19,https://api.ashbyhq.com/posting-api/job-board/cointracker?includeCompensation=true
Curri,lever,curri,24,https://api.lever.co/v0/postings/curri?mode=json
Cover Genius,lever,covergenius,0,https://api.lever.co/v0/postings/covergenius?mode=json
Dave,ashby,dave,3,https://api.ashbyhq.com/posting-api/job-board/dave?includeCompensation=true
Daily Harvest,greenhouse,dailyharvest,0,https://boards-api.greenhouse.io/v1/boards/dailyharvest/jobs?content=true
Barrel,,,,
Degreed,greenhouse,degreed,29,https://boards-api.greenhouse.io/v1/boards/degreed/jobs?content=true
Demandbase,greenhouse,demandbase,42,https://boards-api.greenhouse.io/v1/boards/demandbase/jobs?content=true
Doma,greenhouse,doma,17,https://boards-api.greenhouse.io/v1/boards/doma/jobs?content=true
Donorbox,greenhouse,donorbox,5,https://boards-api.greenhouse.io/v1/boards/donorbox/jobs?content=true
Democracy Works,greenhouse,democracyworks,1,https://boards-api.greenhouse.io/v1/boards/democracyworks/jobs?content=true
DonorsChoose,greenhouse,donorschoose,2,https://boards-api.greenhouse.io/v1/boards/donorschoose/jobs?content=true
Double,,,,
DroneDeploy,lever,dronedeploy,12,https://api.lever.co/v0/postings/dronedeploy?mode=json
Crossfit,lever,crossfit,1,https://api.lever.co/v0/postings/crossfit?mode=json
Dutchie,,,,
EasyPost,,,,
Edmentum,greenhouse,edmentum,11,https://boards-api.greenhouse.io/v1/boards/edmentum/jobs?content=true
Elevate Labs,ashby,elevate-labs,2,https://api.ashbyhq.com/posting-api/job-board/elevate-labs?includeCompensation=true
Dandy,ashby,dandy,119,https://api.ashbyhq.com/posting-api/job-board/dandy?includeCompensation=true
Emburse,lever,emburse,11,https://api.lever.co/v0/postings/emburse?mode=json
Eden Health,,,,
Ergeon,greenhouse,ergeon,8,https://boards-api.greenhouse.io/v1/boards/ergeon/jobs?content=true
Emotive,,,,
Everbridge,ashby,everbridge,0,https://api.ashbyhq.com/posting-api/job-board/everbridge?includeCompensation=true
Extend,greenhouse,extend,6,https://boards-api.greenhouse.io/v1/boards/extend/jobs?content=true
Endpoint,,,,
Evolve,,,,
eyeo,greenhouse,eyeo,1,https://boards-api.greenhouse.io/v1/boards/eyeo/jobs?content=true
Fetch,greenhouse,fetch,3,https://boards-api.greenhouse.io/v1/boards/fetch/jobs?content=true
ExtraHop,,,,
Everly Health,,,,
ezCater,lever,ezcater,0,https://api.lever.co/v0/postings/ezcater?mode=json
Finix,lever,finix,13,https://api.lever.co/v0/postings/finix?mode=json
Firstbase,,,,
Firstup,lever,firstup,11,https://api.lever.co/v0/postings/firstup?mode=json
Fitbod,lever,fitbod,0,https://api.lever.co/v0/postings/fitbod?mode=json
Foodsmart,lever,foodsmart,18,https://api.lever.co/v0/postings/foodsmart?mode=json
Flock Safety,,,,
Fiscal Note,lever,fiscalnote,21,https://api.lever.co/v0/postings/fiscalnote?mode=json
Flatiron School,,,,
FreeWill,greenhouse,freewill,7,https://boards-api.greenhouse.io/v1/boards/freewill/jobs?content=true
ForUsAll,,,,
Formstack,,,,
FranklinCovey,greenhouse,franklincovey,20,https://boards-api.greenhouse.io/v1/boards/franklincovey/jobs?content=true
Gitlab,greenhouse,gitlab,94,https://boards-api.greenhouse.io/v1/boards/gitlab/jobs?content=true
GlossGenius,greenhouse,glossgenius,17,https://boards-api.greenhouse.io/v1/boards/glossgenius/jobs?content=true
Gametime,,,,
Glowforge,lever,glowforge,1,https://api.lever.co/v0/postings/glowforge?mode=json
Givebutter,ashby,givebutter,8,https://api.ashbyhq.com/posting-api/job-board/givebutter?includeCompensation=true
GoFundMe,greenhouse,gofundme,57,https://boards-api.greenhouse.io/v1/boards/gofundme/jobs?content=true
Deel,ashby,deel,290,https://api.ashbyhq.com/posting-api/job-board/deel?includeCompensation=true
Getty images,lever,gettyimages,10,https://api.lever.co/v0/postings/gettyimages?mode=json
Gremlin,greenhouse,gremlin,2,https://boards-api.greenhouse.io/v1/boards/gremlin/jobs?content=true
Gooten,,,,
Gusto,greenhouse,gusto,73,https://boards-api.greenhouse.io/v1/boards/gusto/jobs?content=true
Goat Group,greenhouse,goatgroup,14,https://boards-api.greenhouse.io/v1/boards/goatgroup/jobs?content=true
Grow Therapy,greenhouse,growtherapy,29,https://boards-api.greenhouse.io/v1/boards/growtherapy/jobs?content=true
Hatch,ashby,hatch,14,https://api.ashbyhq.com/posting-api/job-board/hatch?includeCompensation=true
Happy Money,greenhouse,happymoney,2,https://boards-api.greenhouse.io/v1/boards/happymoney/jobs?content=true
Goodway Group,greenhouse,goodwaygroup,4,https://boards-api.greenhouse.io/v1/boards/goodwaygroup/jobs?content=true
Healthie,greenhouse,healthie,13,https://boards-api.greenhouse.io/v1/boards/healthie/jobs?content=true
Headway,greenhouse,headway,75,https://boards-api.greenhouse.io/v1/boards/headway/jobs?content=true
Headspace,,,,
Hologram,greenhouse,hologram,1,https://boards-api.greenhouse.io/v1/boards/hologram/jobs?content=true
Higharc,ashby,higharc,17,https://api.ashbyhq.com/posting-api/job-board/higharc?includeCompensation=true
Higher Logic,greenhouse,higherlogic,4,https://boards-api.greenhouse.io/v1/boards/higherlogic/jobs?content=true
HopSkipDrive,greenhouse,hopskipdrive,15,https://boards-api.greenhouse.io/v1/boards/hopskipdrive/jobs?content=true
Howl,greenhouse,howl,1,https://boards-api.greenhouse.io/v1/boards/howl/jobs?content=true
HumanInterest,greenhouse,humaninterest,19,https://boards-api.greenhouse.io/v1/boards/humaninterest/jobs?content=true
Hungryroot,greenhouse,hungryroot,17,https://boards-api.greenhouse.io/v1/boards/hungryroot/jobs?content=true
Huntress,greenhouse,huntress,36,https://boards-api.greenhouse.io/v1/boards/huntress/jobs?content=true
Huge,,,,
Granicus,lever,granicus,76,https://api.lever.co/v0/postings/granicus?mode=json
Impossible Foods,ashby,impossible-foods,0,https://api.ashbyhq.com/posting-api/job-board/impossible-foods?includeCompensation=true
Hydrow,,,,
Indigo,greenhouse,indigo,1,https://boards-api.greenhouse.io/v1/boards/indigo/jobs?content=true
Hummingbird,,,,
Indiegogo,,,,
interface.ai,greenhouse,interfaceai,37,https://boards-api.greenhouse.io/v1/boards/interfaceai/jobs?content=true
Instructure,lever,instructure,9,https://api.lever.co/v0/postings/instructure?mode=json
Jobscan,,,,
Kasa,,,,
Knock,greenhouse,knock,4,https://boards-api.greenhouse.io/v1/boards/knock/jobs?content=true
Knowde,greenhouse,knowde,6,https://boards-api.greenhouse.io/v1/boards/knowde/jobs?content=true
Jetty,,,,
Labelbox,greenhouse,labelbox,41,https://boards-api.greenhouse.io/v1/boards/labelbox/jobs?content=true
Included Health,lever,includedhealth,88,https://api.lever.co/v0/postings/includedhealth?mode=json
Kraken,ashby,kraken,0,https://api.ashbyhq.com/posting-api/job-board/kraken?includeCompensation=true
LaunchDarkly,greenhouse,launchdarkly,37,https://boards-api.greenhouse.io/v1/boards/launchdarkly/jobs?content=true
hims & hers,ashby,hims-and-hers,115,https://api.ashbyhq.com/posting-api/job-board/hims-and-hers?includeCompensation=true
Customer.io,greenhouse,customerio,21,https://boards-api.greenhouse.io/v1/boards/customerio/jobs?content=true
Kiddom,lever,kiddom,38,https://api.lever.co/v0/postings/kiddom?mode=json
Life360,greenhouse,life360,31,https://boards-api.greenhouse.io/v1/boards/life360/jobs?content=true
LivePerson,greenhouse,liveperson,13,https://boards-api.greenhouse.io/v1/boards/liveperson/jobs?content=true
LogicGate,greenhouse,logicgate,13,https://boards-api.greenhouse.io/v1/boards/logicgate/jobs?content=true
League,,,,
Lime,,,,
Level Ex,,,,
Level Home,,,,
Loom,ashby,loom,0,https://api.ashbyhq.com/posting-api/job-board/loom?includeCompensation=true
LogicManager,lever,logicmanager,2,https://api.lever.co/v0/postings/logicmanager?mode=json
Mammoth Growth,greenhouse,mammothgrowth,5,https://boards-api.greenhouse.io/v1/boards/mammothgrowth/jobs?content=true
Mantl,greenhouse,mantl,0,https://boards-api.greenhouse.io/v1/boards/mantl/jobs?content=true
Lume Deodorant,,,,
Lyra Health,ashby,lyrahealth,0,https://api.ashbyhq.com/posting-api/job-board/lyrahealth?includeCompensation=true
Mango Languages,,,,
Mattermost,greenhouse,mattermost,46,https://boards-api.greenhouse.io/v1/boards/mattermost/jobs?content=true
M+R,,,,
Luxury Presence,lever,luxurypresence,22,https://api.lever.co/v0/postings/luxurypresence?mode=json
Messari,greenhouse,messari,3,https://boards-api.greenhouse.io/v1/boards/messari/jobs?content=true
Metabase,lever,metabase,10,https://api.lever.co/v0/postings/metabase?mode=json
Mechanical Orchard,lever,mechanicalorchard,6,https://api.lever.co/v0/postings/mechanicalorchard?mode=json
Metaplane,,,,
Method,greenhouse,method,17,https://boards-api.greenhouse.io/v1/boards/method/jobs?content=true
Mezmo,greenhouse,mezmo,0,https://boards-api.greenhouse.io/v1/boards/mezmo/jobs?content=true
Minted,lever,minted,12,https://api.lever.co/v0/postings/minted?mode=json
Mavan,,,,
Mindbloom,lever,mindbloom,7,https://api.lever.co/v0/postings/mindbloom?mode=json
Lucidworks,lever,lucidworks,7,https://api.lever.co/v0/postings/lucidworks?mode=json
Misfits Market,greenhouse,misfitsmarket,25,https://boards-api.greenhouse.io/v1/boards/misfitsmarket/jobs?content=true
MissionWired,,,,
Mozilla,greenhouse,mozilla,98,https://boards-api.greenhouse.io/v1/boards/mozilla/jobs?content=true
Mux,ashby,mux,6,https://api.ashbyhq.com/posting-api/job-board/mux?includeCompensation=true
Mural,ashby,mural,17,https://api.ashbyhq.com/posting-api/job-board/mural?includeCompensation=true
MyFitnessPal,greenhouse,myfitnesspal,4,https://boards-api.greenhouse.io/v1/boards/myfitnesspal/jobs?content=true
Mountaintop Studios,,,,
Morning Brew,lever,morningbrew,8,https://api.lever.co/v0/postings/morningbrew?mode=json
NationBuilder,greenhouse,nationbuilder,1,https://boards-api.greenhouse.io/v1/boards/nationbuilder/jobs?content=true
Nava,greenhouse,nava,6,https://boards-api.greenhouse.io/v1/boards/nava/jobs?content=true
Netlify,greenhouse,netlify,5,https://boards-api.greenhouse.io/v1/boards/netlify/jobs?content=true
Mythical Games,greenhouse,mythicalgames,0,https://boards-api.greenhouse.io/v1/boards/mythicalgames/jobs?content=true
Nerdery,,,,
Newsela,greenhouse,newsela,21,https://boards-api.greenhouse.io/v1/boards/newsela/jobs?content=true
Newsweek,greenhouse,newsweek,19,https://boards-api.greenhouse.io/v1/boards/newsweek/jobs?content=true
New York Times,,,,
Newfront,ashby,newfront,11,https://api.ashbyhq.com/posting-api/job-board/newfront?includeCompensation=true
Nutrafol,greenhouse,nutrafol,15,https://boards-api.greenhouse.io/v1/boards/nutrafol/jobs?content=true
Oddball,greenhouse,oddball,15,https://boards-api.greenhouse.io/v1/boards/oddball/jobs?content=true
Olipop,greenhouse,olipop,6,https://boards-api.greenhouse.io/v1/boards/olipop/jobs?content=true
Nomi Health,lever,nomihealth,5,https://api.lever.co/v0/postings/nomihealth?mode=json
Mysten Labs,ashby,mystenlabs,5,https://api.ashbyhq.com/posting-api/job-board/mystenlabs?includeCompensation=true
Ollie,,,,
Olo,lever,olo,9,https://api.lever.co/v0/postings/olo?mode=json
Openly,greenhouse,openly,11,https://boards-api.greenhouse.io/v1/boards/openly/jobs?content=true
Omada,,,,
OpenTable,greenhouse,opentable,97,https://boards-api.greenhouse.io/v1/boards/opentable/jobs?content=true
Omnidian,lever,omnidian,10,https://api.lever.co/v0/postings/omnidian?mode=json
OpenSea,ashby,opensea,7,https://api.ashbyhq.com/posting-api/job-board/opensea?includeCompensation=true
Outliant,ashby,outliant,16,https://api.ashbyhq.com/posting-api/job-board/outliant?includeCompensation=true
OpenX,lever,openx,45,https://api.lever.co/v0/postings/openx?mode=json
Pachama,lever,pachama,0,https://api.lever.co/v0/postings/pachama?mode=json
Pagerduty,greenhouse,pagerduty,48,https://boards-api.greenhouse.io/v1/boards/pagerduty/jobs?content=true
Paytient,greenhouse,paytient,5,https://boards-api.greenhouse.io/v1/boards/paytient/jobs?content=true
Outreach,lever,outreach,26,https://api.lever.co/v0/postings/outreach?mode=json
Peerspace,lever,peerspace,4,https://api.lever.co/v0/postings/peerspace?mode=json
Petal,,,,
PetVisor,lever,petvisor,3,https://api.lever.co/v0/postings/petvisor?mode=json
Plaid,ashby,plaid,0,https://api.ashbyhq.com/posting-api/job-board/plaid?includeCompensation=true
Pie Insurance,greenhouse,pieinsurance,37,https://boards-api.greenhouse.io/v1/boards/pieinsurance/jobs?content=true
Plume,greenhouse,plume,17,https://boards-api.greenhouse.io/v1/boards/plume/jobs?content=true
Podium,ashby,podium,0,https://api.ashbyhq.com/posting-api/job-board/podium?includeCompensation=true
PolicyFly,,,,
Planned Parenthood,,,,
POSH,ashby,posh,7,https://api.ashbyhq.com/posting-api/job-board/posh?includeCompensation=true
Postscript,greenhouse,postscript,7,https://boards-api.greenhouse.io/v1/boards/postscript/jobs?content=true
Prelim,ashby,prelim,4,https://api.ashbyhq.com/posting-api/job-board/prelim?includeCompensation=true
PriceSpider,,,,
Maven Clinic,greenhouse,mavenclinic,34,https://boards-api.greenhouse.io/v1/boards/mavenclinic/jobs?content=true
Northstar,,,,
Public,greenhouse,public,9,https://boards-api.greenhouse.io/v1/boards/public/jobs?content=true
Qualio,greenhouse,qualio,8,https://boards-api.greenhouse.io/v1/boards/qualio/jobs?content=true
Pumpkin,lever,pumpkin,2,https://api.lever.co/v0/postings/pumpkin?mode=json
Matterport,lever,matterport,1,https://api.lever.co/v0/postings/matterport?mode=json
Process Street,greenhouse,processstreet,17,https://boards-api.greenhouse.io/v1/boards/processstreet/jobs?content=true
Poll Everywhere,lever,polleverywhere,1,https://api.lever.co/v0/postings/polleverywhere?mode=json
Quince,greenhouse,quince,101,https://boards-api.greenhouse.io/v1/boards/quince/jobs?content=true
PeopleGrove,lever,peoplegrove,12,https://api.lever.co/v0/postings/peoplegrove?mode=json
Radformation,lever,radformation,7,https://api.lever.co/v0/postings/radformation?mode=json
Quartet,,,,
Quantum Metric,lever,quantummetric,14,https://api.lever.co/v0/postings/quantummetric?mode=json
Rainforest QA,,,,
Red Canary,lever,redcanary,1,https://api.lever.co/v0/postings/redcanary?mode=json
Redaptive,,,,
Remote,greenhouse,remote,2,https://boards-api.greenhouse.io/v1/boards/remote/jobs?content=true
Reddit,greenhouse,reddit,127,https://boards-api.greenhouse.io/v1/boards/reddit/jobs?content=true
Redox,,,,
RenoFi,lever,renofi,6,https://api.lever.co/v0/postings/renofi?mode=json
Rentable,,,,
Resident,,,,
Restream,ashby,restream,7,https://api.ashbyhq.com/posting-api/job-board/restream?includeCompensation=true
Ramp,ashby,ramp,108,https://api.ashbyhq.com/posting-api/job-board/ramp?includeCompensation=true
RevenueCat,ashby,revenuecat,17,https://api.ashbyhq.com/posting-api/job-board/revenuecat?includeCompensation=true
Revinate,ashby,revinate,0,https://api.ashbyhq.com/posting-api/job-board/revinate?includeCompensation=true
Roadie,greenhouse,roadie,3,https://boards-api.greenhouse.io/v1/boards/roadie/jobs?content=true
RevolutionParts,,,,
Rewatch,,,,
Roofstock,greenhouse,roofstock,19,https://boards-api.greenhouse.io/v1/boards/roofstock/jobs?content=true
Salsify,greenhouse,salsify,22,https://boards-api.greenhouse.io/v1/boards/salsify/jobs?content=true
Robin,,,,
Saltbox,greenhouse,saltbox,7,https://boards-api.greenhouse.io/v1/boards/saltbox/jobs?content=true
Sana,,,,
SamCart,,,,
Rocket Money,,,,
ScienceLogic,greenhouse,sciencelogic,9,https://boards-api.greenhouse.io/v1/boards/sciencelogic/jobs?content=true
Sandstone Care,greenhouse,sandstonecare,35,https://boards-api.greenhouse.io/v1/boards/sandstonecare/jobs?content=true
Scribd,ashby,scribd,17,https://api.ashbyhq.com/posting-api/job-board/scribd?includeCompensation=true
SecurityScorecard,greenhouse,securityscorecard,40,https://boards-api.greenhouse.io/v1/boards/securityscorecard/jobs?content=true
Saviynt,lever,saviynt,83,https://api.lever.co/v0/postings/saviynt?mode=json
Secureframe,lever,secureframe,9,https://api.lever.co/v0/postings/secureframe?mode=json
sFox,greenhouse,sfox,5,https://boards-api.greenhouse.io/v1/boards/sfox/jobs?content=true
Sidecar Health,greenhouse,sidecarhealth,23,https://boards-api.greenhouse.io/v1/boards/sidecarhealth/jobs?content=true
Seer Interactive,lever,seerinteractive,6,https://api.lever.co/v0/postings/seerinteractive?mode=json
Simon Data,ashby,simondata,1,https://api.ashbyhq.com/posting-api/job-board/simondata?includeCompensation=true
Skillshare,lever,skillshare,0,https://api.lever.co/v0/postings/skillshare?mode=json
SmartAsset,greenhouse,smartasset,15,https://boards-api.greenhouse.io/v1/boards/smartasset/jobs?content=true
Smartling,greenhouse,smartling,6,https://boards-api.greenhouse.io/v1/boards/smartling/jobs?content=true
Smartsheet,greenhouse,smartsheet,81,https://boards-api.greenhouse.io/v1/boards/smartsheet/jobs?content=true
Snyk,greenhouse,snyk,41,https://boards-api.greenhouse.io/v1/boards/snyk/jobs?content=true
Socium Media,greenhouse,sociummedia,3,https://boards-api.greenhouse.io/v1/boards/sociummedia/jobs?content=true
Sitetracker,lever,sitetracker,18,https://api.lever.co/v0/postings/sitetracker?mode=json
Solana,greenhouse,solana,1,https://boards-api.greenhouse.io/v1/boards/solana/jobs?content=true
Recharge Payments,,,,
Softrams,lever,softrams,0,https://api.lever.co/v0/postings/softrams?mode=json
Speechify,greenhouse,speechify,906,https://boards-api.greenhouse.io/v1/boards/speechify/jobs?content=true
Splice,greenhouse,splice,4,https://boards-api.greenhouse.io/v1/boards/splice/jobs?content=true
Showcase IDX,lever,showcaseidx,0,https://api.lever.co/v0/postings/showcaseidx?mode=json
Sonatype,lever,sonatype,7,https://api.lever.co/v0/postings/sonatype?mode=json
Respondent,lever,respondent,0,https://api.lever.co/v0/postings/respondent?mode=json
Starburst,greenhouse,starburst,39,https://boards-api.greenhouse.io/v1/boards/starburst/jobs?content=true
Solo.io,,,,
StockX,greenhouse,stockx,13,https://boards-api.greenhouse.io/v1/boards/stockx/jobs?content=true
Summer,greenhouse,summer,6,https://boards-api.greenhouse.io/v1/boards/summer/jobs?content=true
StickerMule,ashby,stickermule,4,https://api.ashbyhq.com/posting-api/job-board/stickermule?includeCompensation=true
Rarible,,,,
Superpedestrian,lever,superpedestrian,0,https://api.lever.co/v0/postings/superpedestrian?mode=json
Standard Bots,ashby,standardbots,10,https://api.ashbyhq.com/posting-api/job-board/standardbots?includeCompensation=true
SurveyMonkey,greenhouse,surveymonkey,52,https://boards-api.greenhouse.io/v1/boards/surveymonkey/jobs?content=true
Syndigo,greenhouse,syndigo,9,https://boards-api.greenhouse.io/v1/boards/syndigo/jobs?content=true
Super.com,lever,super-com,21,https://api.lever.co/v0/postings/super-com?mode=json
Swiftly,,,,
Taskrabbit,greenhouse,taskrabbit,19,https://boards-api.greenhouse.io/v1/boards/taskrabbit/jobs?content=true
SugarCRM,lever,sugarcrm,17,https://api.lever.co/v0/postings/sugarcrm?mode=json
Superside,lever,superside,29,https://api.lever.co/v0/postings/superside?mode=json
Tebra,greenhouse,tebra,6,https://boards-api.greenhouse.io/v1/boards/tebra/jobs?content=true
Teamsnap,lever,teamsnap,1,https://api.lever.co/v0/postings/teamsnap?mode=json
Spring Health,,,,
Teaching Lab,greenhouse,teachinglab,2,https://boards-api.greenhouse.io/v1/boards/teachinglab/jobs?content=true
TapResearch,,,,
Tackle.io,,,,
That's No Moon,,,,
Thirty Madison,greenhouse,thirtymadison,0,https://boards-api.greenhouse.io/v1/boards/thirtymadison/jobs?content=true
The Black Tux,lever,theblacktux,7,https://api.lever.co/v0/postings/theblacktux?mode=json
ThreeFlow,greenhouse,threeflow,1,https://boards-api.greenhouse.io/v1/boards/threeflow/jobs?content=true
The Real Deal,lever,therealdeal,11,https://api.lever.co/v0/postings/therealdeal?mode=json
Three Ships,,,,
The Athletic,lever,theathletic,22,https://api.lever.co/v0/postings/theathletic?mode=json
Thumbtack,greenhouse,thumbtack,29,https://boards-api.greenhouse.io/v1/boards/thumbtack/jobs?content=true
The Bouqs Company,,,,
Tropic,,,,
Truv,lever,truv,12,https://api.lever.co/v0/postings/truv?mode=json
Tripwire Interactive,greenhouse,tripwireinteractive,2,https://boards-api.greenhouse.io/v1/boards/tripwireinteractive/jobs?content=true
Twelve,ashby,twelve,2,https://api.ashbyhq.com/posting-api/job-board/twelve?includeCompensation=true
Tubi,,,,
Twilio,greenhouse,twilio,94,https://boards-api.greenhouse.io/v1/boards/twilio/jobs?content=true
Twitch,greenhouse,twitch,31,https://boards-api.greenhouse.io/v1/boards/twitch/jobs?content=true
Udacity,greenhouse,udacity,34,https://boards-api.greenhouse.io/v1/boards/udacity/jobs?content=true
Updater,greenhouse,updater,2,https://boards-api.greenhouse.io/v1/boards/updater/jobs?content=true
Upgrade,greenhouse,upgrade,54,https://boards-api.greenhouse.io/v1/boards/upgrade/jobs?content=true
Unite Us,greenhouse,uniteus,1,https://boards-api.greenhouse.io/v1/boards/uniteus/jobs?content=true
Underdog Fantasy,greenhouse,underdogfantasy,22,https://boards-api.greenhouse.io/v1/boards/underdogfantasy/jobs?content=true
UpMetrics,,,,
Vendr,greenhouse,vendr,1,https://boards-api.greenhouse.io/v1/boards/vendr/jobs?content=true
Vercel,greenhouse,vercel,80,https://boards-api.greenhouse.io/v1/boards/vercel/jobs?content=true
Varo Bank,,,,
Vetcove,ashby,vetcove,19,https://api.ashbyhq.com/posting-api/job-board/vetcove?includeCompensation=true
VideaHealth,,,,
Vanta,ashby,vanta,111,https://api.ashbyhq.com/posting-api/job-board/vanta?includeCompensation=true
Vimeo,greenhouse,vimeo,22,https://boards-api.greenhouse.io/v1/boards/vimeo/jobs?content=true
Verge Sense,lever,vergesense,2,https://api.lever.co/v0/postings/vergesense?mode=json
Vouch,,,,
Webflow,greenhouse,webflow,55,https://boards-api.greenhouse.io/v1/boards/webflow/jobs?content=true
Wealthfront,lever,wealthfront,13,https://api.lever.co/v0/postings/wealthfront?mode=json
Wellth,greenhouse,wellth,6,https://boards-api.greenhouse.io/v1/boards/wellth/jobs?content=true
WellSaid,,,,
Wheel,ashby,wheel,2,https://api.ashbyhq.com/posting-api/job-board/wheel?includeCompensation=true
Wisetack,greenhouse,wisetack,4,https://boards-api.greenhouse.io/v1/boards/wisetack/jobs?content=true
Wonderschool,greenhouse,wonderschool,48,https://boards-api.greenhouse.io/v1/boards/wonderschool/jobs?content=true
Virta Health,ashby,virtahealth,28,https://api.ashbyhq.com/posting-api/job-board/virtahealth?includeCompensation=true
WideOrbit,,,,
WorkOS,ashby,workos,0,https://api.ashbyhq.com/posting-api/job-board/workos?includeCompensation=true
Wurl,,,,
You.com,greenhouse,youcom,14,https://boards-api.greenhouse.io/v1/boards/youcom/jobs?content=true
WorkWave,lever,workwave,15,https://api.lever.co/v0/postings/workwave?mode=json
Zerion,lever,zerion,2,https://api.lever.co/v0/postings/zerion?mode=json
#N/A,greenhouse,na,0,https://boards-api.greenhouse.io/v1/boards/na/jobs?content=true
Yuga Labs,,,,
Trigger XR,lever,triggerxr,0,https://api.lever.co/v0/postings/triggerxr?mode=json
Thrive Market,lever,thrivemarket,20,https://api.lever.co/v0/postings/thrivemarket?mode=json
Teleport,lever,teleport,15,https://api.lever.co/v0/postings/teleport?mode=json